-- phpMyAdmin SQL Dump
-- version 4.7.7
-- https://www.phpmyadmin.net/
--
-- Host: 127.0.0.1
-- Generation Time: 01-Jun-2018 às 20:48
-- Versão do servidor: 10.1.30-MariaDB
-- PHP Version: 7.2.2

SET SQL_MODE = "NO_AUTO_VALUE_ON_ZERO";
SET AUTOCOMMIT = 0;
START TRANSACTION;
SET time_zone = "+00:00";


/*!40101 SET @OLD_CHARACTER_SET_CLIENT=@@CHARACTER_SET_CLIENT */;
/*!40101 SET @OLD_CHARACTER_SET_RESULTS=@@CHARACTER_SET_RESULTS */;
/*!40101 SET @OLD_COLLATION_CONNECTION=@@COLLATION_CONNECTION */;
/*!40101 SET NAMES utf8mb4 */;

--
-- Database: `pilar`
--

-- --------------------------------------------------------

--
-- Estrutura da tabela `ci_session`
--

CREATE TABLE `ci_session` (
  `id` varchar(40) NOT NULL,
  `ip_address` varchar(45) NOT NULL,
  `timestamp` int(10) UNSIGNED NOT NULL,
  `data` blob NOT NULL
) ENGINE=MyISAM DEFAULT CHARSET=utf8;

--
-- Extraindo dados da tabela `ci_session`
--

INSERT INTO `ci_session` (`id`, `ip_address`, `timestamp`, `data`) VALUES
('6iom2ea8e16nk7h29deb9vt8of3ij4l8', '::1', 1527792108, 0x5f5f63695f6c6173745f726567656e65726174657c693a313532373739323130383b7573756172696f6c6f6761646f7c4f3a383a22737464436c617373223a383a7b733a31343a2269645f66756e63696f6e6172696f223b733a313a2231223b733a343a226e6f6d65223b733a32373a224661676e6572206465204f6c697665697261204265726e6172646f223b733a333a22637066223b733a31313a223039363237333939363034223b733a353a22656d61696c223b733a32373a226265726e6172646f2e6661676e657240686f746d61696c2e636f6d223b733a353a2273656e6861223b733a33323a223062646263353565363330643436613534363536343661373933373262646661223b733a31383a2269645f7469706f46756e63696f6e6172696f223b733a313a2231223b733a383a22736974756163616f223b733a313a2231223b733a333a22696d67223b733a313a2231223b7d6c6f6761646f7c623a313b),
('389uc789tu530hragn1cm70tb16icc8q', '::1', 1527791670, 0x5f5f63695f6c6173745f726567656e65726174657c693a313532373739313637303b7573756172696f6c6f6761646f7c4f3a383a22737464436c617373223a383a7b733a31343a2269645f66756e63696f6e6172696f223b733a313a2231223b733a343a226e6f6d65223b733a32373a224661676e6572206465204f6c697665697261204265726e6172646f223b733a333a22637066223b733a31313a223039363237333939363034223b733a353a22656d61696c223b733a32373a226265726e6172646f2e6661676e657240686f746d61696c2e636f6d223b733a353a2273656e6861223b733a33323a223062646263353565363330643436613534363536343661373933373262646661223b733a31383a2269645f7469706f46756e63696f6e6172696f223b733a313a2231223b733a383a22736974756163616f223b733a313a2231223b733a333a22696d67223b733a313a2231223b7d6c6f6761646f7c623a313b),
('fil0j3dljj9gh7gq4m1l6029phrlapen', '::1', 1527791022, 0x5f5f63695f6c6173745f726567656e65726174657c693a313532373739313032323b7573756172696f6c6f6761646f7c4f3a383a22737464436c617373223a383a7b733a31343a2269645f66756e63696f6e6172696f223b733a313a2231223b733a343a226e6f6d65223b733a32373a224661676e6572206465204f6c697665697261204265726e6172646f223b733a333a22637066223b733a31313a223039363237333939363034223b733a353a22656d61696c223b733a32373a226265726e6172646f2e6661676e657240686f746d61696c2e636f6d223b733a353a2273656e6861223b733a33323a223062646263353565363330643436613534363536343661373933373262646661223b733a31383a2269645f7469706f46756e63696f6e6172696f223b733a313a2231223b733a383a22736974756163616f223b733a313a2231223b733a333a22696d67223b733a313a2231223b7d6c6f6761646f7c623a313b),
('8201c4s4s2961pa9p8qmlguvshbd63kl', '::1', 1527790472, 0x5f5f63695f6c6173745f726567656e65726174657c693a313532373739303437323b7573756172696f6c6f6761646f7c4f3a383a22737464436c617373223a383a7b733a31343a2269645f66756e63696f6e6172696f223b733a313a2231223b733a343a226e6f6d65223b733a32373a224661676e6572206465204f6c697665697261204265726e6172646f223b733a333a22637066223b733a31313a223039363237333939363034223b733a353a22656d61696c223b733a32373a226265726e6172646f2e6661676e657240686f746d61696c2e636f6d223b733a353a2273656e6861223b733a33323a223062646263353565363330643436613534363536343661373933373262646661223b733a31383a2269645f7469706f46756e63696f6e6172696f223b733a313a2231223b733a383a22736974756163616f223b733a313a2231223b733a333a22696d67223b733a313a2231223b7d6c6f6761646f7c623a313b),
('62pmke52ja34m39cr622osr86jbmdu4p', '::1', 1527790028, 0x5f5f63695f6c6173745f726567656e65726174657c693a313532373739303032383b7573756172696f6c6f6761646f7c4f3a383a22737464436c617373223a383a7b733a31343a2269645f66756e63696f6e6172696f223b733a313a2231223b733a343a226e6f6d65223b733a32373a224661676e6572206465204f6c697665697261204265726e6172646f223b733a333a22637066223b733a31313a223039363237333939363034223b733a353a22656d61696c223b733a32373a226265726e6172646f2e6661676e657240686f746d61696c2e636f6d223b733a353a2273656e6861223b733a33323a223062646263353565363330643436613534363536343661373933373262646661223b733a31383a2269645f7469706f46756e63696f6e6172696f223b733a313a2231223b733a383a22736974756163616f223b733a313a2231223b733a333a22696d67223b733a313a2231223b7d6c6f6761646f7c623a313b),
('c6rltamunfvoh9j9kq812qnhammqnuqh', '::1', 1527878849, 0x5f5f63695f6c6173745f726567656e65726174657c693a313532373837383636363b7573756172696f6c6f6761646f7c4f3a383a22737464436c617373223a383a7b733a31343a2269645f66756e63696f6e6172696f223b733a313a2231223b733a343a226e6f6d65223b733a32373a224661676e6572206465204f6c697665697261204265726e6172646f223b733a333a22637066223b733a31313a223039363237333939363034223b733a353a22656d61696c223b733a32373a226265726e6172646f2e6661676e657240686f746d61696c2e636f6d223b733a353a2273656e6861223b733a33323a223062646263353565363330643436613534363536343661373933373262646661223b733a31383a2269645f7469706f46756e63696f6e6172696f223b733a313a2231223b733a383a22736974756163616f223b733a313a2231223b733a333a22696d67223b733a313a2231223b7d6c6f6761646f7c623a313b),
('m61v399cpojsckntlae9dfek9jh57kuh', '::1', 1527878302, 0x5f5f63695f6c6173745f726567656e65726174657c693a313532373837383330323b7573756172696f6c6f6761646f7c4f3a383a22737464436c617373223a383a7b733a31343a2269645f66756e63696f6e6172696f223b733a313a2231223b733a343a226e6f6d65223b733a32373a224661676e6572206465204f6c697665697261204265726e6172646f223b733a333a22637066223b733a31313a223039363237333939363034223b733a353a22656d61696c223b733a32373a226265726e6172646f2e6661676e657240686f746d61696c2e636f6d223b733a353a2273656e6861223b733a33323a223062646263353565363330643436613534363536343661373933373262646661223b733a31383a2269645f7469706f46756e63696f6e6172696f223b733a313a2231223b733a383a22736974756163616f223b733a313a2231223b733a333a22696d67223b733a313a2231223b7d6c6f6761646f7c623a313b),
('oubueecoe67qtg5hgkrbh9ha93l4795b', '::1', 1527878666, 0x5f5f63695f6c6173745f726567656e65726174657c693a313532373837383636363b7573756172696f6c6f6761646f7c4f3a383a22737464436c617373223a383a7b733a31343a2269645f66756e63696f6e6172696f223b733a313a2231223b733a343a226e6f6d65223b733a32373a224661676e6572206465204f6c697665697261204265726e6172646f223b733a333a22637066223b733a31313a223039363237333939363034223b733a353a22656d61696c223b733a32373a226265726e6172646f2e6661676e657240686f746d61696c2e636f6d223b733a353a2273656e6861223b733a33323a223062646263353565363330643436613534363536343661373933373262646661223b733a31383a2269645f7469706f46756e63696f6e6172696f223b733a313a2231223b733a383a22736974756163616f223b733a313a2231223b733a333a22696d67223b733a313a2231223b7d6c6f6761646f7c623a313b),
('mdorr148lucl0p6eeks30v6j3t4afh49', '::1', 1527877996, 0x5f5f63695f6c6173745f726567656e65726174657c693a313532373837373939363b7573756172696f6c6f6761646f7c4f3a383a22737464436c617373223a383a7b733a31343a2269645f66756e63696f6e6172696f223b733a313a2231223b733a343a226e6f6d65223b733a32373a224661676e6572206465204f6c697665697261204265726e6172646f223b733a333a22637066223b733a31313a223039363237333939363034223b733a353a22656d61696c223b733a32373a226265726e6172646f2e6661676e657240686f746d61696c2e636f6d223b733a353a2273656e6861223b733a33323a223062646263353565363330643436613534363536343661373933373262646661223b733a31383a2269645f7469706f46756e63696f6e6172696f223b733a313a2231223b733a383a22736974756163616f223b733a313a2231223b733a333a22696d67223b733a313a2231223b7d6c6f6761646f7c623a313b),
('uocodanrcpicnjrhq4irlki988nd7jb3', '::1', 1527877643, 0x5f5f63695f6c6173745f726567656e65726174657c693a313532373837373634333b7573756172696f6c6f6761646f7c4f3a383a22737464436c617373223a383a7b733a31343a2269645f66756e63696f6e6172696f223b733a313a2231223b733a343a226e6f6d65223b733a32373a224661676e6572206465204f6c697665697261204265726e6172646f223b733a333a22637066223b733a31313a223039363237333939363034223b733a353a22656d61696c223b733a32373a226265726e6172646f2e6661676e657240686f746d61696c2e636f6d223b733a353a2273656e6861223b733a33323a223062646263353565363330643436613534363536343661373933373262646661223b733a31383a2269645f7469706f46756e63696f6e6172696f223b733a313a2231223b733a383a22736974756163616f223b733a313a2231223b733a333a22696d67223b733a313a2231223b7d6c6f6761646f7c623a313b),
('l5gqt9t14a6srait33uh8kllh4dkba2g', '::1', 1527877045, 0x5f5f63695f6c6173745f726567656e65726174657c693a313532373837373034353b7573756172696f6c6f6761646f7c4f3a383a22737464436c617373223a383a7b733a31343a2269645f66756e63696f6e6172696f223b733a313a2231223b733a343a226e6f6d65223b733a32373a224661676e6572206465204f6c697665697261204265726e6172646f223b733a333a22637066223b733a31313a223039363237333939363034223b733a353a22656d61696c223b733a32373a226265726e6172646f2e6661676e657240686f746d61696c2e636f6d223b733a353a2273656e6861223b733a33323a223062646263353565363330643436613534363536343661373933373262646661223b733a31383a2269645f7469706f46756e63696f6e6172696f223b733a313a2231223b733a383a22736974756163616f223b733a313a2231223b733a333a22696d67223b733a313a2231223b7d6c6f6761646f7c623a313b),
('jj0imsp9fml6euormn2us1vbachk4jjj', '::1', 1527873800, 0x5f5f63695f6c6173745f726567656e65726174657c693a313532373837333738393b7573756172696f6c6f6761646f7c4f3a383a22737464436c617373223a383a7b733a31343a2269645f66756e63696f6e6172696f223b733a313a2231223b733a343a226e6f6d65223b733a32373a224661676e6572206465204f6c697665697261204265726e6172646f223b733a333a22637066223b733a31313a223039363237333939363034223b733a353a22656d61696c223b733a32373a226265726e6172646f2e6661676e657240686f746d61696c2e636f6d223b733a353a2273656e6861223b733a33323a223062646263353565363330643436613534363536343661373933373262646661223b733a31383a2269645f7469706f46756e63696f6e6172696f223b733a313a2231223b733a383a22736974756163616f223b733a313a2231223b733a333a22696d67223b733a313a2231223b7d6c6f6761646f7c623a313b),
('c5rl0k4453j7n1ou0smasq3ck68r3jm0', '::1', 1527873789, 0x5f5f63695f6c6173745f726567656e65726174657c693a313532373837333738393b7573756172696f6c6f6761646f7c4f3a383a22737464436c617373223a383a7b733a31343a2269645f66756e63696f6e6172696f223b733a313a2231223b733a343a226e6f6d65223b733a32373a224661676e6572206465204f6c697665697261204265726e6172646f223b733a333a22637066223b733a31313a223039363237333939363034223b733a353a22656d61696c223b733a32373a226265726e6172646f2e6661676e657240686f746d61696c2e636f6d223b733a353a2273656e6861223b733a33323a223062646263353565363330643436613534363536343661373933373262646661223b733a31383a2269645f7469706f46756e63696f6e6172696f223b733a313a2231223b733a383a22736974756163616f223b733a313a2231223b733a333a22696d67223b733a313a2231223b7d6c6f6761646f7c623a313b),
('ifttohbltn9bp7mjia2fkg3dh74diitb', '::1', 1527873444, 0x5f5f63695f6c6173745f726567656e65726174657c693a313532373837333434343b7573756172696f6c6f6761646f7c4f3a383a22737464436c617373223a383a7b733a31343a2269645f66756e63696f6e6172696f223b733a313a2231223b733a343a226e6f6d65223b733a32373a224661676e6572206465204f6c697665697261204265726e6172646f223b733a333a22637066223b733a31313a223039363237333939363034223b733a353a22656d61696c223b733a32373a226265726e6172646f2e6661676e657240686f746d61696c2e636f6d223b733a353a2273656e6861223b733a33323a223062646263353565363330643436613534363536343661373933373262646661223b733a31383a2269645f7469706f46756e63696f6e6172696f223b733a313a2231223b733a383a22736974756163616f223b733a313a2231223b733a333a22696d67223b733a313a2231223b7d6c6f6761646f7c623a313b),
('kd6th2c105inpaott3gapq7t0pvf8u60', '::1', 1527871445, 0x5f5f63695f6c6173745f726567656e65726174657c693a313532373837313232363b7573756172696f6c6f6761646f7c4f3a383a22737464436c617373223a383a7b733a31343a2269645f66756e63696f6e6172696f223b733a313a2231223b733a343a226e6f6d65223b733a32373a224661676e6572206465204f6c697665697261204265726e6172646f223b733a333a22637066223b733a31313a223039363237333939363034223b733a353a22656d61696c223b733a32373a226265726e6172646f2e6661676e657240686f746d61696c2e636f6d223b733a353a2273656e6861223b733a33323a223062646263353565363330643436613534363536343661373933373262646661223b733a31383a2269645f7469706f46756e63696f6e6172696f223b733a313a2231223b733a383a22736974756163616f223b733a313a2231223b733a333a22696d67223b733a313a2231223b7d6c6f6761646f7c623a313b),
('5hp1r92aah0tutk994ga4k4kkagcders', '::1', 1527871226, 0x5f5f63695f6c6173745f726567656e65726174657c693a313532373837313232363b7573756172696f6c6f6761646f7c4f3a383a22737464436c617373223a383a7b733a31343a2269645f66756e63696f6e6172696f223b733a313a2231223b733a343a226e6f6d65223b733a32373a224661676e6572206465204f6c697665697261204265726e6172646f223b733a333a22637066223b733a31313a223039363237333939363034223b733a353a22656d61696c223b733a32373a226265726e6172646f2e6661676e657240686f746d61696c2e636f6d223b733a353a2273656e6861223b733a33323a223062646263353565363330643436613534363536343661373933373262646661223b733a31383a2269645f7469706f46756e63696f6e6172696f223b733a313a2231223b733a383a22736974756163616f223b733a313a2231223b733a333a22696d67223b733a313a2231223b7d6c6f6761646f7c623a313b),
('q3fud1dibbpq88m31hmeoef0na1bajrq', '::1', 1527870925, 0x5f5f63695f6c6173745f726567656e65726174657c693a313532373837303932353b7573756172696f6c6f6761646f7c4f3a383a22737464436c617373223a383a7b733a31343a2269645f66756e63696f6e6172696f223b733a313a2231223b733a343a226e6f6d65223b733a32373a224661676e6572206465204f6c697665697261204265726e6172646f223b733a333a22637066223b733a31313a223039363237333939363034223b733a353a22656d61696c223b733a32373a226265726e6172646f2e6661676e657240686f746d61696c2e636f6d223b733a353a2273656e6861223b733a33323a223062646263353565363330643436613534363536343661373933373262646661223b733a31383a2269645f7469706f46756e63696f6e6172696f223b733a313a2231223b733a383a22736974756163616f223b733a313a2231223b733a333a22696d67223b733a313a2231223b7d6c6f6761646f7c623a313b),
('7jj7dnplju8bcpk76pd2tg5s11r73lca', '::1', 1527793034, 0x5f5f63695f6c6173745f726567656e65726174657c693a313532373739323933373b7573756172696f6c6f6761646f7c4f3a383a22737464436c617373223a383a7b733a31343a2269645f66756e63696f6e6172696f223b733a313a2231223b733a343a226e6f6d65223b733a32373a224661676e6572206465204f6c697665697261204265726e6172646f223b733a333a22637066223b733a31313a223039363237333939363034223b733a353a22656d61696c223b733a32373a226265726e6172646f2e6661676e657240686f746d61696c2e636f6d223b733a353a2273656e6861223b733a33323a223062646263353565363330643436613534363536343661373933373262646661223b733a31383a2269645f7469706f46756e63696f6e6172696f223b733a313a2231223b733a383a22736974756163616f223b733a313a2231223b733a333a22696d67223b733a313a2231223b7d6c6f6761646f7c623a313b),
('0ceojiprk90558htg8bgps6hjst0akc3', '::1', 1527792937, 0x5f5f63695f6c6173745f726567656e65726174657c693a313532373739323933373b7573756172696f6c6f6761646f7c4f3a383a22737464436c617373223a383a7b733a31343a2269645f66756e63696f6e6172696f223b733a313a2231223b733a343a226e6f6d65223b733a32373a224661676e6572206465204f6c697665697261204265726e6172646f223b733a333a22637066223b733a31313a223039363237333939363034223b733a353a22656d61696c223b733a32373a226265726e6172646f2e6661676e657240686f746d61696c2e636f6d223b733a353a2273656e6861223b733a33323a223062646263353565363330643436613534363536343661373933373262646661223b733a31383a2269645f7469706f46756e63696f6e6172696f223b733a313a2231223b733a383a22736974756163616f223b733a313a2231223b733a333a22696d67223b733a313a2231223b7d6c6f6761646f7c623a313b),
('kteq3vvk9s1hi9lhtsg56p5sv83sugdo', '::1', 1527792557, 0x5f5f63695f6c6173745f726567656e65726174657c693a313532373739323535373b7573756172696f6c6f6761646f7c4f3a383a22737464436c617373223a383a7b733a31343a2269645f66756e63696f6e6172696f223b733a313a2231223b733a343a226e6f6d65223b733a32373a224661676e6572206465204f6c697665697261204265726e6172646f223b733a333a22637066223b733a31313a223039363237333939363034223b733a353a22656d61696c223b733a32373a226265726e6172646f2e6661676e657240686f746d61696c2e636f6d223b733a353a2273656e6861223b733a33323a223062646263353565363330643436613534363536343661373933373262646661223b733a31383a2269645f7469706f46756e63696f6e6172696f223b733a313a2231223b733a383a22736974756163616f223b733a313a2231223b733a333a22696d67223b733a313a2231223b7d6c6f6761646f7c623a313b);

-- --------------------------------------------------------

--
-- Estrutura da tabela `exposicao`
--

CREATE TABLE `exposicao` (
  `nome_exposicao` varchar(100) NOT NULL,
  `local_realizacao` varchar(100) NOT NULL,
  `data_inicio` date NOT NULL,
  `data_fim` date NOT NULL,
  `id_obra` int(11) NOT NULL,
  `descricao` varchar(3000) NOT NULL,
  `id_exposicao` int(11) NOT NULL
) ENGINE=InnoDB DEFAULT CHARSET=utf8;

--
-- Extraindo dados da tabela `exposicao`
--

INSERT INTO `exposicao` (`nome_exposicao`, `local_realizacao`, `data_inicio`, `data_fim`, `id_obra`, `descricao`, `id_exposicao`) VALUES
('fsdfsdf', 'fsdf', '2018-02-15', '2018-02-06', 33, 'sdfsd', 3),
('dfsdfdsf', 'asdas', '2018-05-26', '2018-05-26', 39, 'fdsfsdf', 29),
('gdfgdfgdAAA', 'dfgdfgd', '2018-05-25', '2018-05-26', 39, 'dfgdgdg', 30),
('Fagner', 'dfsdfsdfsd', '2018-05-19', '2018-05-10', 39, 'sdfsdfdsf', 35),
('Joana dark', 'xfghjkljjhfgfdgfhjk', '2018-05-09', '2018-05-18', 39, 'lkdhflsdhfkjsh', 36),
('Ao Reloaded Me fudendo!!!', 'sdfghjmhghgffdsfgdg', '2018-05-23', '2018-05-03', 39, 'O Reloaded ta atrapalhando p voltar hmmmm, como resolver?', 37),
('Ao Reloaded Me fudendo!!!', 'sdfghjmhghgffdsfgdg', '2018-05-23', '2018-05-03', 39, 'O Reloaded ta atrapalhando p voltar hmmmm, como resolver?', 38);

-- --------------------------------------------------------

--
-- Estrutura da tabela `funcionario`
--

CREATE TABLE `funcionario` (
  `id_funcionario` int(11) NOT NULL,
  `nome` varchar(80) NOT NULL,
  `cpf` varchar(20) NOT NULL,
  `email` varchar(60) NOT NULL,
  `senha` varchar(500) NOT NULL,
  `id_tipoFuncionario` int(11) NOT NULL,
  `situacao` int(11) NOT NULL DEFAULT '1',
  `img` int(11) DEFAULT NULL
) ENGINE=InnoDB DEFAULT CHARSET=utf8;

--
-- Extraindo dados da tabela `funcionario`
--

INSERT INTO `funcionario` (`id_funcionario`, `nome`, `cpf`, `email`, `senha`, `id_tipoFuncionario`, `situacao`, `img`) VALUES
(1, 'Fagner de Oliveira Bernardo', '09627399604', 'bernardo.fagner@hotmail.com', '0bdbc55e630d46a5465646a79372bdfa', 1, 1, 1),
(7, 'Julia de Paula (Senha: julinhadepaula)', '45878545874', 'juliappaula@hotmail.com', '39b93ce5acc3f1e7f63ac22080b5d69d', 3, 1, 1),
(8, 'Teste', '54587854785', 'fdsfsdfdfh@hotmail.com', '25f9e794323b453885f5181f1b624d0b', 2, 1, 1),
(9, 'Nicolas de Oliveira (niconico)', '56254587854', 'kjdfskdgfjds@ljflskdjfklds.com', '990f1231beef96e676782e73d7ce8833', 3, 1, 1);

-- --------------------------------------------------------

--
-- Estrutura da tabela `galeria`
--

CREATE TABLE `galeria` (
  `id_img` int(11) NOT NULL,
  `id_obra` int(11) NOT NULL,
  `nome_img` varchar(250) NOT NULL,
  `caminho_img` text NOT NULL,
  `img_padrao` int(11) NOT NULL
) ENGINE=InnoDB DEFAULT CHARSET=utf8;

--
-- Extraindo dados da tabela `galeria`
--

INSERT INTO `galeria` (`id_img`, `id_obra`, `nome_img`, `caminho_img`, `img_padrao`) VALUES
(3, 33, '3', 'assets/img/obras/', 0),
(4, 33, '4', 'assets/img/obras/', 0),
(8, 33, '8', 'assets/img/obras/', 0),
(9, 33, '9', 'assets/img/obras/', 0),
(10, 33, '10', 'assets/img/obras/', 0),
(11, 41, '11', 'assets/img/obras/', 0);

-- --------------------------------------------------------

--
-- Estrutura da tabela `obra`
--

CREATE TABLE `obra` (
  `id_obra` int(11) NOT NULL,
  `num_atual` varchar(45) NOT NULL,
  `num_anterior` varchar(45) NOT NULL,
  `fichas_relacionadas` varchar(1000) NOT NULL,
  `nome_objeto` text NOT NULL,
  `titulo` varchar(250) NOT NULL,
  `sub_classe` varchar(250) NOT NULL,
  `classe` varchar(250) NOT NULL,
  `material` text NOT NULL,
  `tecnica` text NOT NULL,
  `inscricoes_marcas` text NOT NULL,
  `epoca` text NOT NULL,
  `autoria` varchar(250) NOT NULL,
  `origem` text NOT NULL,
  `procedencia` text NOT NULL,
  `imagem` int(250) NOT NULL DEFAULT '0',
  `conservacao` varchar(50) NOT NULL,
  `localizacao` varchar(1000) NOT NULL,
  `altura` varchar(15) NOT NULL,
  `largura` varchar(15) NOT NULL,
  `comprimento` varchar(15) NOT NULL,
  `profundidade` varchar(15) NOT NULL,
  `diametro` varchar(15) NOT NULL,
  `peso` varchar(15) NOT NULL,
  `circunferencia` varchar(15) NOT NULL,
  `resp_preenc_tec` varchar(60) NOT NULL,
  `nome_fotografo` varchar(60) NOT NULL,
  `resp_digitacao` varchar(60) NOT NULL,
  `data_digitacao` date NOT NULL,
  `resp_revisao` varchar(60) NOT NULL,
  `data_revisao` date NOT NULL,
  `resp_alteracao` varchar(60) NOT NULL,
  `data_alteracao` date NOT NULL,
  `descricao_objeto` text NOT NULL,
  `carac_tecnica` text NOT NULL,
  `carac_inconografica` text NOT NULL,
  `carac_estilistica` text NOT NULL,
  `dados_historicos` text NOT NULL,
  `publicacao` text NOT NULL,
  `fontes_primarias` text NOT NULL,
  `fontes_bib` text NOT NULL,
  `modo_aquisicao` text NOT NULL,
  `data_aquisicao` date NOT NULL,
  `id_funcionario` int(11) NOT NULL,
  `validada` int(10) NOT NULL DEFAULT '0',
  `situacao` int(11) NOT NULL
) ENGINE=MyISAM DEFAULT CHARSET=utf8;

--
-- Extraindo dados da tabela `obra`
--

INSERT INTO `obra` (`id_obra`, `num_atual`, `num_anterior`, `fichas_relacionadas`, `nome_objeto`, `titulo`, `sub_classe`, `classe`, `material`, `tecnica`, `inscricoes_marcas`, `epoca`, `autoria`, `origem`, `procedencia`, `imagem`, `conservacao`, `localizacao`, `altura`, `largura`, `comprimento`, `profundidade`, `diametro`, `peso`, `circunferencia`, `resp_preenc_tec`, `nome_fotografo`, `resp_digitacao`, `data_digitacao`, `resp_revisao`, `data_revisao`, `resp_alteracao`, `data_alteracao`, `descricao_objeto`, `carac_tecnica`, `carac_inconografica`, `carac_estilistica`, `dados_historicos`, `publicacao`, `fontes_primarias`, `fontes_bib`, `modo_aquisicao`, `data_aquisicao`, `id_funcionario`, `validada`, `situacao`) VALUES
(33, '7987', '9879', 'ghjg', 'Fagner de Oliveira', 'kjhgkj', 'kjhgkjhcck', 'kjhgkj', 'jhjhf', 'jhfj', 'fjhf', 'jhfj', 'jhfjf', 'jhfj', 'fjhfjhf', 0, 'jhfjhf', 'ggfd', '444', '555', '666', '555', '444', '555', '444', 'hfhfthrf', 'vmjhv', 'kgvkghcvhg', '2017-12-27', 'erherger', '2017-12-28', 'ghxdh', '2017-12-08', 'lg hlgjh', 'hgkhjg', 'kjhgkjhg', 'kjhgkjhg', 'kjhgkjg', 'khgkjhg', 'kjhgkjhg', 'kghkjhg', 'kjhgkjhg', '2017-12-13', 1, 0, 0),
(41, '234', '2134', 'vfbgfhjgdfscv', 'Nicolas Oliveira Gomes', 'hvvh', 'j,hf,jhf,jh', 'vhjf,jf', 'v,jhvjh', 'vjh,hj', ',hjv,hj', 'v,hjv,jh', 'f,jcfg', 'fgfhg', 'fchghgf', 0, 'Bom', 'lkldfhsdhfjsh', '23', '5678', '5667', '567', '567', '567', '5678', 'kjhgkjggj', 'kjgkhgkjg', 'kjhgkjgkjgjkg', '2018-06-13', 'jhghjkj.hgvg', '2018-06-06', 'kjvhkjhvjkgg', '2018-06-12', 'ghjg kjgjhg g jg', 'jhg jkgkhgk ', 'jg kjhg khg', 'hjg kg ', 'kg kjg jhkg h', 'jhghjkjg', 'jkhgkjgkjg', 'kjhgkjgjgkj', 'Doação', '2018-06-06', 1, 0, 1);

-- --------------------------------------------------------

--
-- Estrutura da tabela `restauracao`
--

CREATE TABLE `restauracao` (
  `intervencao` varchar(60) NOT NULL,
  `nome_restaurador` varchar(60) NOT NULL,
  `data_restauracao` date NOT NULL,
  `id_obra` int(11) NOT NULL,
  `id_restauracao` int(11) NOT NULL
) ENGINE=InnoDB DEFAULT CHARSET=utf8;

--
-- Extraindo dados da tabela `restauracao`
--

INSERT INTO `restauracao` (`intervencao`, `nome_restaurador`, `data_restauracao`, `id_obra`, `id_restauracao`) VALUES
('Manutenção da peça ^^', 'Fagner de oliveira', '2018-05-20', 33, 1),
('fhghfg', 'fghfgh', '2018-05-08', 39, 9),
('dgfghfhfgfAAAAAAAAAAAAAA', 'fdshjgfdhgfjg', '2018-05-25', 39, 10),
('fgdfgdf', 'dfgdfgdf', '2018-05-19', 39, 33),
('ggdfgdfgdf', 'dfgdfgdfg', '2018-05-19', 39, 34);

-- --------------------------------------------------------

--
-- Estrutura da tabela `tipo_funcionario`
--

CREATE TABLE `tipo_funcionario` (
  `id_tipoFuncionario` int(11) NOT NULL,
  `descricao` varchar(60) DEFAULT NULL
) ENGINE=InnoDB DEFAULT CHARSET=utf8;

--
-- Extraindo dados da tabela `tipo_funcionario`
--

INSERT INTO `tipo_funcionario` (`id_tipoFuncionario`, `descricao`) VALUES
(1, 'Administrador'),
(2, 'Supervisor'),
(3, 'Auxiliar');

--
-- Indexes for dumped tables
--

--
-- Indexes for table `exposicao`
--
ALTER TABLE `exposicao`
  ADD PRIMARY KEY (`id_exposicao`);

--
-- Indexes for table `funcionario`
--
ALTER TABLE `funcionario`
  ADD PRIMARY KEY (`id_funcionario`),
  ADD KEY `tipo_funcionario` (`id_tipoFuncionario`);

--
-- Indexes for table `galeria`
--
ALTER TABLE `galeria`
  ADD PRIMARY KEY (`id_img`),
  ADD KEY `id_obra` (`id_obra`);

--
-- Indexes for table `obra`
--
ALTER TABLE `obra`
  ADD PRIMARY KEY (`id_obra`),
  ADD KEY `id_funcionario` (`id_funcionario`);

--
-- Indexes for table `restauracao`
--
ALTER TABLE `restauracao`
  ADD PRIMARY KEY (`id_restauracao`),
  ADD KEY `id_obra` (`id_obra`);

--
-- Indexes for table `tipo_funcionario`
--
ALTER TABLE `tipo_funcionario`
  ADD PRIMARY KEY (`id_tipoFuncionario`);

--
-- AUTO_INCREMENT for dumped tables
--

--
-- AUTO_INCREMENT for table `exposicao`
--
ALTER TABLE `exposicao`
  MODIFY `id_exposicao` int(11) NOT NULL AUTO_INCREMENT, AUTO_INCREMENT=39;

--
-- AUTO_INCREMENT for table `funcionario`
--
ALTER TABLE `funcionario`
  MODIFY `id_funcionario` int(11) NOT NULL AUTO_INCREMENT, AUTO_INCREMENT=10;

--
-- AUTO_INCREMENT for table `galeria`
--
ALTER TABLE `galeria`
  MODIFY `id_img` int(11) NOT NULL AUTO_INCREMENT, AUTO_INCREMENT=12;

--
-- AUTO_INCREMENT for table `obra`
--
ALTER TABLE `obra`
  MODIFY `id_obra` int(11) NOT NULL AUTO_INCREMENT, AUTO_INCREMENT=42;

--
-- AUTO_INCREMENT for table `restauracao`
--
ALTER TABLE `restauracao`
  MODIFY `id_restauracao` int(11) NOT NULL AUTO_INCREMENT, AUTO_INCREMENT=35;

--
-- AUTO_INCREMENT for table `tipo_funcionario`
--
ALTER TABLE `tipo_funcionario`
  MODIFY `id_tipoFuncionario` int(11) NOT NULL AUTO_INCREMENT, AUTO_INCREMENT=4;
COMMIT;

/*!40101 SET CHARACTER_SET_CLIENT=@OLD_CHARACTER_SET_CLIENT */;
/*!40101 SET CHARACTER_SET_RESULTS=@OLD_CHARACTER_SET_RESULTS */;
/*!40101 SET COLLATION_CONNECTION=@OLD_COLLATION_CONNECTION */;
