-- phpMyAdmin SQL Dump
-- version 4.7.7
-- https://www.phpmyadmin.net/
--
-- Host: 127.0.0.1
-- Generation Time: 29-Maio-2018 às 16:14
-- Versão do servidor: 10.1.30-MariaDB
-- PHP Version: 7.2.2

SET SQL_MODE = "NO_AUTO_VALUE_ON_ZERO";
SET AUTOCOMMIT = 0;
START TRANSACTION;
SET time_zone = "+00:00";


/*!40101 SET @OLD_CHARACTER_SET_CLIENT=@@CHARACTER_SET_CLIENT */;
/*!40101 SET @OLD_CHARACTER_SET_RESULTS=@@CHARACTER_SET_RESULTS */;
/*!40101 SET @OLD_COLLATION_CONNECTION=@@COLLATION_CONNECTION */;
/*!40101 SET NAMES utf8mb4 */;

--
-- Database: `pilar`
--

-- --------------------------------------------------------

--
-- Estrutura da tabela `ci_session`
--

CREATE TABLE `ci_session` (
  `id` varchar(40) NOT NULL,
  `ip_address` varchar(45) NOT NULL,
  `timestamp` int(10) UNSIGNED NOT NULL,
  `data` blob NOT NULL
) ENGINE=MyISAM DEFAULT CHARSET=utf8;

--
-- Extraindo dados da tabela `ci_session`
--

INSERT INTO `ci_session` (`id`, `ip_address`, `timestamp`, `data`) VALUES
('4fj73m1gnrpr8dl5glk5dgntk17v454h', '::1', 1527603124, 0x5f5f63695f6c6173745f726567656e65726174657c693a313532373630333036343b7573756172696f6c6f6761646f7c4e3b6c6f6761646f7c623a303b),
('ersb8d8hftghi8f0q04u4ke3tv0v92sg', '::1', 1527603064, 0x5f5f63695f6c6173745f726567656e65726174657c693a313532373630333036343b7573756172696f6c6f6761646f7c4f3a383a22737464436c617373223a383a7b733a31343a2269645f66756e63696f6e6172696f223b733a313a2231223b733a343a226e6f6d65223b733a32373a224661676e6572206465204f6c697665697261204265726e6172646f223b733a333a22637066223b733a31313a223039363237333939363034223b733a353a22656d61696c223b733a32373a226265726e6172646f2e6661676e657240686f746d61696c2e636f6d223b733a353a2273656e6861223b733a33323a223062646263353565363330643436613534363536343661373933373262646661223b733a31383a2269645f7469706f46756e63696f6e6172696f223b733a313a2231223b733a383a22736974756163616f223b733a313a2231223b733a333a22696d67223b733a313a2231223b7d6c6f6761646f7c623a313b),
('pj29jjsenra5sobji75at4fhm2e9cp0n', '::1', 1527602762, 0x5f5f63695f6c6173745f726567656e65726174657c693a313532373630323736323b7573756172696f6c6f6761646f7c4f3a383a22737464436c617373223a383a7b733a31343a2269645f66756e63696f6e6172696f223b733a313a2231223b733a343a226e6f6d65223b733a32373a224661676e6572206465204f6c697665697261204265726e6172646f223b733a333a22637066223b733a31313a223039363237333939363034223b733a353a22656d61696c223b733a32373a226265726e6172646f2e6661676e657240686f746d61696c2e636f6d223b733a353a2273656e6861223b733a33323a223062646263353565363330643436613534363536343661373933373262646661223b733a31383a2269645f7469706f46756e63696f6e6172696f223b733a313a2231223b733a383a22736974756163616f223b733a313a2231223b733a333a22696d67223b733a313a2231223b7d6c6f6761646f7c623a313b),
('3vdcguan0sp9a9pp6u8d460l9v380uvi', '::1', 1527602353, 0x5f5f63695f6c6173745f726567656e65726174657c693a313532373630323335333b7573756172696f6c6f6761646f7c4f3a383a22737464436c617373223a383a7b733a31343a2269645f66756e63696f6e6172696f223b733a313a2231223b733a343a226e6f6d65223b733a32373a224661676e6572206465204f6c697665697261204265726e6172646f223b733a333a22637066223b733a31313a223039363237333939363034223b733a353a22656d61696c223b733a32373a226265726e6172646f2e6661676e657240686f746d61696c2e636f6d223b733a353a2273656e6861223b733a33323a223062646263353565363330643436613534363536343661373933373262646661223b733a31383a2269645f7469706f46756e63696f6e6172696f223b733a313a2231223b733a383a22736974756163616f223b733a313a2231223b733a333a22696d67223b733a313a2231223b7d6c6f6761646f7c623a313b),
('24s407cq7qbj44lrrqfu396a3vehe3ak', '::1', 1527601889, 0x5f5f63695f6c6173745f726567656e65726174657c693a313532373630313838393b7573756172696f6c6f6761646f7c4f3a383a22737464436c617373223a373a7b733a31343a2269645f66756e63696f6e6172696f223b733a313a2231223b733a343a226e6f6d65223b733a32373a224661676e6572206465204f6c697665697261204265726e6172646f223b733a333a22637066223b733a31313a223039363237333939363034223b733a353a22656d61696c223b733a32373a226265726e6172646f2e6661676e657240686f746d61696c2e636f6d223b733a353a2273656e6861223b733a33323a223062646263353565363330643436613534363536343661373933373262646661223b733a31383a2269645f7469706f46756e63696f6e6172696f223b733a313a2231223b733a383a22736974756163616f223b733a313a2231223b7d6c6f6761646f7c623a313b),
('di90ha4a7ejhinsrdukat8bra6ifgdgq', '::1', 1527601532, 0x5f5f63695f6c6173745f726567656e65726174657c693a313532373630313533323b7573756172696f6c6f6761646f7c4f3a383a22737464436c617373223a373a7b733a31343a2269645f66756e63696f6e6172696f223b733a313a2231223b733a343a226e6f6d65223b733a32373a224661676e6572206465204f6c697665697261204265726e6172646f223b733a333a22637066223b733a31313a223039363237333939363034223b733a353a22656d61696c223b733a32373a226265726e6172646f2e6661676e657240686f746d61696c2e636f6d223b733a353a2273656e6861223b733a33323a223062646263353565363330643436613534363536343661373933373262646661223b733a31383a2269645f7469706f46756e63696f6e6172696f223b733a313a2231223b733a383a22736974756163616f223b733a313a2231223b7d6c6f6761646f7c623a313b),
('nt58ho542kp6ikl9s6ha0ce91k3m6ult', '::1', 1527601224, 0x5f5f63695f6c6173745f726567656e65726174657c693a313532373630313232343b7573756172696f6c6f6761646f7c4f3a383a22737464436c617373223a373a7b733a31343a2269645f66756e63696f6e6172696f223b733a313a2231223b733a343a226e6f6d65223b733a32373a224661676e6572206465204f6c697665697261204265726e6172646f223b733a333a22637066223b733a31313a223039363237333939363034223b733a353a22656d61696c223b733a32373a226265726e6172646f2e6661676e657240686f746d61696c2e636f6d223b733a353a2273656e6861223b733a33323a223062646263353565363330643436613534363536343661373933373262646661223b733a31383a2269645f7469706f46756e63696f6e6172696f223b733a313a2231223b733a383a22736974756163616f223b733a313a2231223b7d6c6f6761646f7c623a313b),
('buhk10046baqqkt67mpsrn94a2rubgt8', '::1', 1527600923, 0x5f5f63695f6c6173745f726567656e65726174657c693a313532373630303932333b7573756172696f6c6f6761646f7c4f3a383a22737464436c617373223a373a7b733a31343a2269645f66756e63696f6e6172696f223b733a313a2231223b733a343a226e6f6d65223b733a32373a224661676e6572206465204f6c697665697261204265726e6172646f223b733a333a22637066223b733a31313a223039363237333939363034223b733a353a22656d61696c223b733a32373a226265726e6172646f2e6661676e657240686f746d61696c2e636f6d223b733a353a2273656e6861223b733a33323a223062646263353565363330643436613534363536343661373933373262646661223b733a31383a2269645f7469706f46756e63696f6e6172696f223b733a313a2231223b733a383a22736974756163616f223b733a313a2231223b7d6c6f6761646f7c623a313b),
('8it00fmc9q23g7npi6gugd67h2vs2j4b', '::1', 1527600594, 0x5f5f63695f6c6173745f726567656e65726174657c693a313532373630303539343b7573756172696f6c6f6761646f7c4f3a383a22737464436c617373223a373a7b733a31343a2269645f66756e63696f6e6172696f223b733a313a2231223b733a343a226e6f6d65223b733a32373a224661676e6572206465204f6c697665697261204265726e6172646f223b733a333a22637066223b733a31313a223039363237333939363034223b733a353a22656d61696c223b733a32373a226265726e6172646f2e6661676e657240686f746d61696c2e636f6d223b733a353a2273656e6861223b733a33323a223062646263353565363330643436613534363536343661373933373262646661223b733a31383a2269645f7469706f46756e63696f6e6172696f223b733a313a2231223b733a383a22736974756163616f223b733a313a2231223b7d6c6f6761646f7c623a313b),
('1p8ctvdkg6gs98ela1f557lhet47eev2', '::1', 1527600176, 0x5f5f63695f6c6173745f726567656e65726174657c693a313532373630303137363b7573756172696f6c6f6761646f7c4f3a383a22737464436c617373223a373a7b733a31343a2269645f66756e63696f6e6172696f223b733a313a2231223b733a343a226e6f6d65223b733a32373a224661676e6572206465204f6c697665697261204265726e6172646f223b733a333a22637066223b733a31313a223039363237333939363034223b733a353a22656d61696c223b733a32373a226265726e6172646f2e6661676e657240686f746d61696c2e636f6d223b733a353a2273656e6861223b733a33323a223062646263353565363330643436613534363536343661373933373262646661223b733a31383a2269645f7469706f46756e63696f6e6172696f223b733a313a2231223b733a383a22736974756163616f223b733a313a2231223b7d6c6f6761646f7c623a313b),
('85kkik1av7lltljqfigvhtgpu1g7kjv4', '::1', 1527599875, 0x5f5f63695f6c6173745f726567656e65726174657c693a313532373539393837353b7573756172696f6c6f6761646f7c4f3a383a22737464436c617373223a373a7b733a31343a2269645f66756e63696f6e6172696f223b733a313a2231223b733a343a226e6f6d65223b733a32373a224661676e6572206465204f6c697665697261204265726e6172646f223b733a333a22637066223b733a31313a223039363237333939363034223b733a353a22656d61696c223b733a32373a226265726e6172646f2e6661676e657240686f746d61696c2e636f6d223b733a353a2273656e6861223b733a33323a223062646263353565363330643436613534363536343661373933373262646661223b733a31383a2269645f7469706f46756e63696f6e6172696f223b733a313a2231223b733a383a22736974756163616f223b733a313a2231223b7d6c6f6761646f7c623a313b),
('mt3ni16gtpl38mk5bdnhb2n4g5ev02th', '::1', 1527597490, 0x5f5f63695f6c6173745f726567656e65726174657c693a313532373539373439303b7573756172696f6c6f6761646f7c4f3a383a22737464436c617373223a373a7b733a31343a2269645f66756e63696f6e6172696f223b733a313a2231223b733a343a226e6f6d65223b733a32373a224661676e6572206465204f6c697665697261204265726e6172646f223b733a333a22637066223b733a31313a223039363237333939363034223b733a353a22656d61696c223b733a32373a226265726e6172646f2e6661676e657240686f746d61696c2e636f6d223b733a353a2273656e6861223b733a33323a223062646263353565363330643436613534363536343661373933373262646661223b733a31383a2269645f7469706f46756e63696f6e6172696f223b733a313a2231223b733a383a22736974756163616f223b733a313a2231223b7d6c6f6761646f7c623a313b),
('0782sv6mpgdldghgon5ct8nsgr37266n', '::1', 1527597865, 0x5f5f63695f6c6173745f726567656e65726174657c693a313532373539373836353b7573756172696f6c6f6761646f7c4f3a383a22737464436c617373223a373a7b733a31343a2269645f66756e63696f6e6172696f223b733a313a2231223b733a343a226e6f6d65223b733a32373a224661676e6572206465204f6c697665697261204265726e6172646f223b733a333a22637066223b733a31313a223039363237333939363034223b733a353a22656d61696c223b733a32373a226265726e6172646f2e6661676e657240686f746d61696c2e636f6d223b733a353a2273656e6861223b733a33323a223062646263353565363330643436613534363536343661373933373262646661223b733a31383a2269645f7469706f46756e63696f6e6172696f223b733a313a2231223b733a383a22736974756163616f223b733a313a2231223b7d6c6f6761646f7c623a313b),
('nadc56vd045c03thfdcrv6p1fgb406gl', '::1', 1527598205, 0x5f5f63695f6c6173745f726567656e65726174657c693a313532373539383230353b7573756172696f6c6f6761646f7c4f3a383a22737464436c617373223a373a7b733a31343a2269645f66756e63696f6e6172696f223b733a313a2231223b733a343a226e6f6d65223b733a32373a224661676e6572206465204f6c697665697261204265726e6172646f223b733a333a22637066223b733a31313a223039363237333939363034223b733a353a22656d61696c223b733a32373a226265726e6172646f2e6661676e657240686f746d61696c2e636f6d223b733a353a2273656e6861223b733a33323a223062646263353565363330643436613534363536343661373933373262646661223b733a31383a2269645f7469706f46756e63696f6e6172696f223b733a313a2231223b733a383a22736974756163616f223b733a313a2231223b7d6c6f6761646f7c623a313b),
('43m57lku91jnbcrdpl6v4a4ds8ig9n0r', '::1', 1527598508, 0x5f5f63695f6c6173745f726567656e65726174657c693a313532373539383530383b7573756172696f6c6f6761646f7c4f3a383a22737464436c617373223a373a7b733a31343a2269645f66756e63696f6e6172696f223b733a313a2231223b733a343a226e6f6d65223b733a32373a224661676e6572206465204f6c697665697261204265726e6172646f223b733a333a22637066223b733a31313a223039363237333939363034223b733a353a22656d61696c223b733a32373a226265726e6172646f2e6661676e657240686f746d61696c2e636f6d223b733a353a2273656e6861223b733a33323a223062646263353565363330643436613534363536343661373933373262646661223b733a31383a2269645f7469706f46756e63696f6e6172696f223b733a313a2231223b733a383a22736974756163616f223b733a313a2231223b7d6c6f6761646f7c623a313b),
('dl3vqmfvhhmmt8lvshbjkl3jqjk1rfdi', '::1', 1527598911, 0x5f5f63695f6c6173745f726567656e65726174657c693a313532373539383931313b7573756172696f6c6f6761646f7c4f3a383a22737464436c617373223a373a7b733a31343a2269645f66756e63696f6e6172696f223b733a313a2231223b733a343a226e6f6d65223b733a32373a224661676e6572206465204f6c697665697261204265726e6172646f223b733a333a22637066223b733a31313a223039363237333939363034223b733a353a22656d61696c223b733a32373a226265726e6172646f2e6661676e657240686f746d61696c2e636f6d223b733a353a2273656e6861223b733a33323a223062646263353565363330643436613534363536343661373933373262646661223b733a31383a2269645f7469706f46756e63696f6e6172696f223b733a313a2231223b733a383a22736974756163616f223b733a313a2231223b7d6c6f6761646f7c623a313b),
('2a0fbsao799igdurhfgbnd13ghtl4890', '::1', 1527599343, 0x5f5f63695f6c6173745f726567656e65726174657c693a313532373539393334333b7573756172696f6c6f6761646f7c4f3a383a22737464436c617373223a373a7b733a31343a2269645f66756e63696f6e6172696f223b733a313a2231223b733a343a226e6f6d65223b733a32373a224661676e6572206465204f6c697665697261204265726e6172646f223b733a333a22637066223b733a31313a223039363237333939363034223b733a353a22656d61696c223b733a32373a226265726e6172646f2e6661676e657240686f746d61696c2e636f6d223b733a353a2273656e6861223b733a33323a223062646263353565363330643436613534363536343661373933373262646661223b733a31383a2269645f7469706f46756e63696f6e6172696f223b733a313a2231223b733a383a22736974756163616f223b733a313a2231223b7d6c6f6761646f7c623a313b);

-- --------------------------------------------------------

--
-- Estrutura da tabela `exposicao`
--

CREATE TABLE `exposicao` (
  `nome_exposicao` varchar(100) NOT NULL,
  `local_realizacao` varchar(100) NOT NULL,
  `data_inicio` date NOT NULL,
  `data_fim` date NOT NULL,
  `id_obra` int(11) NOT NULL,
  `descricao` varchar(3000) NOT NULL,
  `id_exposicao` int(11) NOT NULL
) ENGINE=InnoDB DEFAULT CHARSET=utf8;

--
-- Extraindo dados da tabela `exposicao`
--

INSERT INTO `exposicao` (`nome_exposicao`, `local_realizacao`, `data_inicio`, `data_fim`, `id_obra`, `descricao`, `id_exposicao`) VALUES
('fsdfsdf', 'fsdf', '2018-02-15', '2018-02-06', 33, 'sdfsd', 3),
('dsfghff', 'adfsg', '2018-05-08', '2018-05-21', 39, 'asdfg', 4),
('dsfghff', 'adfsg', '2018-05-08', '2018-05-21', 39, 'asdfg', 5),
('dsfghff', 'adfsg', '2018-05-08', '2018-05-21', 39, 'asdfg', 6);

-- --------------------------------------------------------

--
-- Estrutura da tabela `funcionario`
--

CREATE TABLE `funcionario` (
  `id_funcionario` int(11) NOT NULL,
  `nome` varchar(80) NOT NULL,
  `cpf` varchar(20) NOT NULL,
  `email` varchar(60) NOT NULL,
  `senha` varchar(500) NOT NULL,
  `id_tipoFuncionario` int(11) NOT NULL,
  `situacao` int(11) NOT NULL DEFAULT '1',
  `img` int(11) DEFAULT NULL
) ENGINE=InnoDB DEFAULT CHARSET=utf8;

--
-- Extraindo dados da tabela `funcionario`
--

INSERT INTO `funcionario` (`id_funcionario`, `nome`, `cpf`, `email`, `senha`, `id_tipoFuncionario`, `situacao`, `img`) VALUES
(1, 'Fagner de Oliveira Bernardo', '09627399604', 'bernardo.fagner@hotmail.com', '0bdbc55e630d46a5465646a79372bdfa', 1, 1, 1),
(7, 'Julia de Paula (Senha: julinhadepaula)', '45878545874', 'juliappaula@hotmail.com', '39b93ce5acc3f1e7f63ac22080b5d69d', 1, 1, 1),
(8, 'Teste', '54587854785', 'fdsfsdfdfh@hotmail.com', '25f9e794323b453885f5181f1b624d0b', 2, 1, 1);

-- --------------------------------------------------------

--
-- Estrutura da tabela `obra`
--

CREATE TABLE `obra` (
  `id_obra` int(11) NOT NULL,
  `num_atual` varchar(45) NOT NULL,
  `num_anterior` varchar(45) NOT NULL,
  `fichas_relacionadas` varchar(1000) NOT NULL,
  `nome_objeto` text NOT NULL,
  `titulo` varchar(250) NOT NULL,
  `sub_classe` varchar(250) NOT NULL,
  `classe` varchar(250) NOT NULL,
  `material` text NOT NULL,
  `tecnica` text NOT NULL,
  `inscricoes_marcas` text NOT NULL,
  `epoca` text NOT NULL,
  `autoria` varchar(250) NOT NULL,
  `origem` text NOT NULL,
  `procedencia` text NOT NULL,
  `imagem` varchar(250) NOT NULL,
  `conservacao` varchar(50) NOT NULL,
  `localizacao` varchar(1000) NOT NULL,
  `altura` varchar(15) NOT NULL,
  `largura` varchar(15) NOT NULL,
  `comprimento` varchar(15) NOT NULL,
  `profundidade` varchar(15) NOT NULL,
  `diametro` varchar(15) NOT NULL,
  `peso` varchar(15) NOT NULL,
  `circunferencia` varchar(15) NOT NULL,
  `resp_preenc_tec` varchar(60) NOT NULL,
  `nome_fotografo` varchar(60) NOT NULL,
  `resp_digitacao` varchar(60) NOT NULL,
  `data_digitacao` date NOT NULL,
  `resp_revisao` varchar(60) NOT NULL,
  `data_revisao` date NOT NULL,
  `resp_alteracao` varchar(60) NOT NULL,
  `data_alteracao` date NOT NULL,
  `descricao_objeto` text NOT NULL,
  `carac_tecnica` text NOT NULL,
  `carac_inconografica` text NOT NULL,
  `carac_estilistica` text NOT NULL,
  `dados_historicos` text NOT NULL,
  `publicacao` text NOT NULL,
  `fontes_primarias` text NOT NULL,
  `fontes_bib` text NOT NULL,
  `modo_aquisicao` text NOT NULL,
  `data_aquisicao` date NOT NULL,
  `id_funcionario` int(11) NOT NULL,
  `validada` int(10) NOT NULL DEFAULT '0',
  `situacao` int(11) NOT NULL
) ENGINE=MyISAM DEFAULT CHARSET=utf8;

--
-- Extraindo dados da tabela `obra`
--

INSERT INTO `obra` (`id_obra`, `num_atual`, `num_anterior`, `fichas_relacionadas`, `nome_objeto`, `titulo`, `sub_classe`, `classe`, `material`, `tecnica`, `inscricoes_marcas`, `epoca`, `autoria`, `origem`, `procedencia`, `imagem`, `conservacao`, `localizacao`, `altura`, `largura`, `comprimento`, `profundidade`, `diametro`, `peso`, `circunferencia`, `resp_preenc_tec`, `nome_fotografo`, `resp_digitacao`, `data_digitacao`, `resp_revisao`, `data_revisao`, `resp_alteracao`, `data_alteracao`, `descricao_objeto`, `carac_tecnica`, `carac_inconografica`, `carac_estilistica`, `dados_historicos`, `publicacao`, `fontes_primarias`, `fontes_bib`, `modo_aquisicao`, `data_aquisicao`, `id_funcionario`, `validada`, `situacao`) VALUES
(33, '7987', '9879', 'ghjg', 'Fagner de Oliveira', 'kjhgkj', 'kjhgkjhcck', 'kjhgkj', 'jhjhf', 'jhfj', 'fjhf', 'jhfj', 'jhfjf', 'jhfj', 'fjhfjhf', '', 'jhfjhf', 'ggfd', '444', '555', '666', '555', '444', '555', '444', 'hfhfthrf', 'vmjhv', 'kgvkghcvhg', '2017-12-27', 'erherger', '2017-12-28', 'ghxdh', '2017-12-08', 'lg hlgjh', 'hgkhjg', 'kjhgkjhg', 'kjhgkjhg', 'kjhgkjg', 'khgkjhg', 'kjhgkjhg', 'kghkjhg', 'kjhgkjhg', '2017-12-13', 1, 0, 0),
(35, '5454', '6541354', 'jglf kf jhf', 'Thiago Dutra', 'Thiaguinho fecha conóis', 'lvjbn;ilg.v', 'lilgucgvhbnmçj', 'v bnmo;çligfvb ', 'oçligjv ni.lkufycv ', 'bliugyv bni.ukgvh', 'sfsdiugsjfejsdv', 'iukghvbnji', 'uigyvhbjnjkioiuyigyfj', 'vbnjçihugiyjfgv', '', 'bnkjiohuigyjvm', 'UFOP OP', '64.465', '64654.45', '547.6', '5478.5', '26.5', '245.2', '3256.1', 'njhgfhgcv ', 'jhjghvbjhkuyug', 'jhyugtyfhg', '2018-02-28', 'kuhytfrdgc', '2018-02-28', 'kmjuiygtfg', '1987-08-25', 'mjfhcv b', 'kjgcn vbmnjl', 'kgjv bn,klji', 'gyfjcvhjgtfrd', 'rgfghkjuytrfg', 'mjkuyfvgb', 'jkhghfcvbn', 'jkhuygfcgvbn', 'jkiuhygfgvb', '2018-02-14', 1, 0, 0),
(36, 'kjkjhjkh', 'kjhkhkjhkjh', 'kjhkjhkj', 'FagnerLatara', 'khkh', 'khkj', 'khkjh', 'hkjh', 'kjh', 'khkj', 'hk', 'jhkj', 'hkh', 'kh', '', 'kjh', 'fafsdfs', 'jhgjhg', 'jgjh', 'gjhg', 'jgjh', 'gjhg', 'jg', 'jhgjhg', 'jhgjgjhgj', 'gjgj', 'hgjh', '2018-05-19', 'ghj', '2018-05-11', 'dfsdf', '2018-05-18', 'jhgjhg', 'jg', 'jg', 'jhgjh', 'gj', 'jhgjg', 'jhgj', 'hgjh', 'gjh', '2018-05-18', 1, 0, 0),
(37, 'kjhkj', 'hkjh', 'khkj', 'hkh', 'kjh', 'hkj', 'kjhk', 'hkh', 'kh', 'kjh', 'k', 'hkjhhkj', 'hkj', 'hk', '', 'jhkh', 'sadfdfsd', 'jhk', 'hkj', 'hkjh', 'kh', 'kj', 'hkj', 'h', 'jhkjhk', 'jhkh', 'kjhkjhkjhkjh', '2018-05-05', 'kjhkjh', '2018-05-12', 'ljkj', '2018-05-12', 'kjhkh', 'khk', 'jhkj', 'hkj', 'hkj', 'hkjhjkjh', 'khkh', 'khjkh', 'k', '2018-05-12', 1, 0, 0),
(38, 'hgjhgjg', 'jhgjgjh', 'ggjgjhgjhg', 'Fagner Teste 003', 'jhkjhkjh', 'kjhkjh', 'kjhkjh', 'kjhk', 'hkj', 'hkj', 'hk', 'k', 'jh', 'kjhk', '', 'hk', 'sffdgfds', 'hjhgjg', 'jgjhg', 'jhgjhg', 'jgh', 'jgjg', 'hg', 'jhg', 'kjhkh', 'khkh', 'kjh', '2018-05-12', ',hlhll', '2018-05-18', 'çlkhjgfchvbn', '2018-05-19', 'hkjhjkh', 'kkh', 'kjhkj', 'hkjh', 'kjh', 'hkhjkhkj', 'hkhk', 'kjhk', 'hkjh', '2018-05-19', 1, 0, 0),
(39, 'hklçl', 'ljkkjhkjh', 'khh', 'khjk', 'hkjhk', 'jkhkj', 'hkh', 'hkj', 'hkjh', 'khk', 'jhk', 'jhk', 'jhkj', 'hkjhnbmbm', '', 'bmnbmn', 'adsfdghjgfd', 'kk', 'hkh', 'khkj', 'hkj', 'hkjh', 'kh', 'jhkh', 'khkhkjh', 'khkjh', 'khkhkjhj', '2018-05-12', 'ljlkjkljlk', '2018-05-12', 'khg', '2018-05-31', 'hjhjk', 'hkhkj', 'hkhk', 'hkjh', 'jhkjh', 'kjhkjh', 'khkj', 'hkjhk', 'jhkjh', '2018-05-26', 1, 0, 0);

-- --------------------------------------------------------

--
-- Estrutura da tabela `restauracao`
--

CREATE TABLE `restauracao` (
  `intervencao` varchar(60) NOT NULL,
  `nome_restaurador` varchar(60) NOT NULL,
  `data_restauracao` date NOT NULL,
  `id_obra` int(11) NOT NULL,
  `id_restauracao` int(11) NOT NULL
) ENGINE=InnoDB DEFAULT CHARSET=utf8;

--
-- Extraindo dados da tabela `restauracao`
--

INSERT INTO `restauracao` (`intervencao`, `nome_restaurador`, `data_restauracao`, `id_obra`, `id_restauracao`) VALUES
('Manutenção da peça ^^', 'Fagner de oliveira', '2018-05-20', 33, 1),
('fsdfds', 'sdfsdf', '2018-05-10', 39, 2),
('sdfsd', 'sdfsdf', '2018-05-11', 39, 3);

-- --------------------------------------------------------

--
-- Estrutura da tabela `tipo_funcionario`
--

CREATE TABLE `tipo_funcionario` (
  `id_tipoFuncionario` int(11) NOT NULL,
  `descricao` varchar(60) DEFAULT NULL
) ENGINE=InnoDB DEFAULT CHARSET=utf8;

--
-- Extraindo dados da tabela `tipo_funcionario`
--

INSERT INTO `tipo_funcionario` (`id_tipoFuncionario`, `descricao`) VALUES
(1, 'Administrador'),
(2, 'Supervisor'),
(3, 'Auxiliar');

--
-- Indexes for dumped tables
--

--
-- Indexes for table `exposicao`
--
ALTER TABLE `exposicao`
  ADD PRIMARY KEY (`id_exposicao`);

--
-- Indexes for table `funcionario`
--
ALTER TABLE `funcionario`
  ADD PRIMARY KEY (`id_funcionario`),
  ADD KEY `tipo_funcionario` (`id_tipoFuncionario`);

--
-- Indexes for table `obra`
--
ALTER TABLE `obra`
  ADD PRIMARY KEY (`id_obra`),
  ADD KEY `id_funcionario` (`id_funcionario`);

--
-- Indexes for table `restauracao`
--
ALTER TABLE `restauracao`
  ADD PRIMARY KEY (`id_restauracao`),
  ADD KEY `id_obra` (`id_obra`);

--
-- Indexes for table `tipo_funcionario`
--
ALTER TABLE `tipo_funcionario`
  ADD PRIMARY KEY (`id_tipoFuncionario`);

--
-- AUTO_INCREMENT for dumped tables
--

--
-- AUTO_INCREMENT for table `exposicao`
--
ALTER TABLE `exposicao`
  MODIFY `id_exposicao` int(11) NOT NULL AUTO_INCREMENT, AUTO_INCREMENT=7;

--
-- AUTO_INCREMENT for table `funcionario`
--
ALTER TABLE `funcionario`
  MODIFY `id_funcionario` int(11) NOT NULL AUTO_INCREMENT, AUTO_INCREMENT=9;

--
-- AUTO_INCREMENT for table `obra`
--
ALTER TABLE `obra`
  MODIFY `id_obra` int(11) NOT NULL AUTO_INCREMENT, AUTO_INCREMENT=40;

--
-- AUTO_INCREMENT for table `restauracao`
--
ALTER TABLE `restauracao`
  MODIFY `id_restauracao` int(11) NOT NULL AUTO_INCREMENT, AUTO_INCREMENT=4;

--
-- AUTO_INCREMENT for table `tipo_funcionario`
--
ALTER TABLE `tipo_funcionario`
  MODIFY `id_tipoFuncionario` int(11) NOT NULL AUTO_INCREMENT, AUTO_INCREMENT=4;
COMMIT;

/*!40101 SET CHARACTER_SET_CLIENT=@OLD_CHARACTER_SET_CLIENT */;
/*!40101 SET CHARACTER_SET_RESULTS=@OLD_CHARACTER_SET_RESULTS */;
/*!40101 SET COLLATION_CONNECTION=@OLD_COLLATION_CONNECTION */;
